name,TRBV,TRBD,TRBJ,CDR3B,TRAV,TRAJ,CDR3A
F5,TRBV13-2*00(823.1),TRBD1*01 F (Vquest),TRBJ2-7*00(428.9),CASGDASEQYF,TRAV12-2*00(912.4),TRAJ9*00(647.2),CALSPSNMGYKLTF
G2,TRBV13-3*00(774.8),TRBD1*00(30);TRBD2*00(30),TRBJ1-1*00(482.6),CASSGTDTEVFF,TRAV3D-3*00(2017.9);TRAV3N-3*00(1996.3);TRAV3-3*00(1714.8),TRAJ15*00(603.1),CAVRTNQGGRALIF
G6,TRBV12-2*00(990.7),TRBD1*00(90),TRBJ1-5*00(518.6),CASSRQGGDNNQAPLF,TRAV9D-3*00(588.8);TRAV9N-3*00(588.2),TRAJ42*00(629.9),CAVTPGGSNAKLTF
H5,TRBV13-2*00(875.2),TRBD1*00(50),TRBJ2-5*00(438.4),CASGDRERDTQYF,TRAV3D-3*00(1510.7);TRAV3N-3*00(1505),TRAJ32*00(705.3),CAVSNYGSSGNKLIF
H6,TRBV13-3*00(1140.4),TRBD1*00(60),TRBJ1-2*00(531.1),CASSGTAANSDYTF,TRAV16D-DV11*00(2686.5);TRAV16N*00(2600.2),TRAJ23*00(573.9),CAMRDYNQGKLIF
B2_few,TRBV13-2*00(921.3),TRBD1*00(100),TRBJ2-2*00(492),CASGTGGSGQLYF,TRAV3D-3*00(1130.2);TRAV3N-3*00(1115.9),TRAJ21*00(636),CAVSQMSNYNVLYF
B3,TRBV12-1*00(673),TRBD1*00(110),TRBJ1-5*00(483.3),CASSSLQGARNQAPLF,TRAV19*00(1200.7),TRAJ49*00(638.4),CAAGNTGYQNFYF
B5,TRBV14*00(1096.9),TRBD2*00(100),TRBJ2-1*00(452.1),CASSFAGGARAEQFF,TRAV9-1*00(1580.4);TRAV9D-1*00(1543.8),TRAJ15*00(613.5),CAVSLYQGGRALIF
B6,TRBV13-1*00(904.1),TRBD1*00(30);TRBD2*00(30),TRBJ2-7*00(525.3),CASSDGMISSSYEQYF,TRAV12-1*00(1302.7),TRAJ39*00(580),CALSLGNAGAKLTF
B7,TRBV13-2*00(857.1),TRBD2*00(60),TRBJ2-5*00(502.1),CASGDPGDQDTQYF,TRAV13D-1*00(1352);TRAV13N-1*00(1221.8),TRAJ9*00(590.6),CAMERDMGYKLTF
B10,TRBV2*00(2681),TRBD1*00(60);TRBD2*00(60),TRBJ1-5*00(493.6),CASSLRGGNNQAPLF,TRAV13-4-DV7*00(1412.4),TRAJ42*00(674.1),CAPGGSNAKLTF
B11,TRBV13-3*00(1451),TRBD1*00(80),TRBJ1-3*00(473.8),CASSGGTGRNTLYF,TRAV14-1*00(1200.3),TRAJ33*00(560.8),CAAGSNYQLIW
B13,TRBV13-1*00(738.2),TRBD1*00(80),TRBJ2-7*00(442.5),CASSDGTGHEQYF,TRAV16D-DV11*00(2554.2);TRAV16N*00(2540.7),TRAJ12*00(595.1),CAMREGTGGYKVVF
B14,TRBV19*00(788.6),TRBD1*00(80),TRBJ1-2*00(466.1),CASSMGQGASDYTF,TRAV3D-3*00(1255.1);TRAV3N-3*00(1250.9);TRAV3-3*00(1027.6),TRAJ9*00(631.4),CAVSARGNMGYKLTF
B15,TRBV12-1*00(666),TRBD1*00(50);TRBD2*00(50),TRBJ2-1*00(474.7),CASSRRADAEQFF,TRAV14D-3-DV8*00(650.9),TRAJ7*00(553),CAASAASNNRLTL
B16,TRBV13-3*00(639.5),TRBD1*00(70);TRBD2*00(60),TRBJ1-5*00(497.5),CASSDGTNQAPLF,TRAV14-1*00(340.5);TRAV14D-3-DV8*00(310.6);TRAV14N-3*00(310.3),TRAJ18*00(652),CAARGSALGRLHF
E4,TRBV19*00(887.9),TRBD2*00(80),TRBJ2-7*00(494.1),CASSIWGDSYEQYF,TRAV9-4*00(1197.7),TRAJ57*00(628),CAVSAGQGGSAKLIF
E8,TRBV13-2*00(1409.9),TRBD2*00(80);TRBD1*00(70),TRBJ2-2*00(466.3),CASGDWGAGTGQLYF,TRAV12-1*00(1250.1),TRAJ27*00(631.4),CALNTNTGKLTF
E9,TRBV12-2*00(836.2),TRBD1*00(90),TRBJ1-5*00(509.5),CASSRDSNNQAPLF,TRAV7D-5*00(638.5);TRAV7N-5*00(638.5),TRAJ22*00(613.6),CAVSRSSGSWQLIF
F4,TRBV4*00(836),TRBD1*00(50),TRBJ1-6*00(474.6),CASSARQNSPLYF,TRAV14D-1*00(629.3);TRAV14N-1*00(627.2),TRAJ21*00(601.7),CAAMSNYNVLYF
OT1,TRBV12-1*01 F (Vquest),TRBD1*01 F,TRBJ2-7*01 F  (Vquest),CASSRANYEQYF,TRAV14-1*01 F; or TRAV14N-1*01 F  (Vquest),TRAJ33*01 F (Vquest),CAASDNYQLIW
